<?xml version="1.0" encoding="utf-8"?>
<s:Envelope xmlns:s="http://schemas.xmlsoap.org/soap/envelope/">
    <s:Header>
        <h:RequestID xmlns:h="http://visa.com/mobileApi">cad84c5e-e663-48e1-be35-3ade12d5be70</h:RequestID>
        <h:ResponseID xmlns:h="http://visa.com/mobileApi">cb79be05-cd6b-4208-8352-c9290ffb46fc</h:ResponseID>
        <h:Version xmlns:h="http://visa.com/mobileApi">1.2</h:Version>
        <ActivityId CorrelationId="f85c72d5-d8d1-42de-951c-8305b4d1830d" xmlns="http://schemas.microsoft.com/2004/09/ServiceModel/Diagnostics">de2a38c3-720d-4c92-b8b5-cef93ff967e0</ActivityId>
    </s:Header>
    <s:Body>
        <CreateMerchantResponse xmlns="http://visa.com/mobileApi">
            <Response xmlns:a="http://mobileApi.schema" xmlns:i="http://www.w3.org/2001/XMLSchema-instance">
                <a:Messages>
                    <a:Status>OK</a:Status>
                    <a:Details>
                        <a:Code>E00101</a:Code>
                        <a:Text>Account Creation failed, please validate merchant data. - </a:Text>
                    </a:Details>
                </a:Messages>
                <a:ApiLoginID>-</a:ApiLoginID>
                <a:ApiKey>-</a:ApiKey>
                <a:LogonType>Manual</a:LogonType>
            </Response>
        </CreateMerchantResponse>
    </s:Body>
</s:Envelope>